{
    "LightGBM": 0.09376157995803833,
    "XGBoost": 0.8461171616473201,
    "CatBoost": 0.06012125839464166
}